"drzava","religija"
"Austria",57.7
"Bulgaria",8.8
"Cyprus",513.7
"Czech Republic",24.3
"Denmark",47.5
"Estonia",16.8
"Finland",72.6
"France",3.5
"Germany",68.5
"Greece",132.3
"Hungary",13.8
"Iceland",39
"Ireland",221.3
"Italy",99.9
"Latvia",35.3
"Lithuania",86
"Luxembourg",150.6
"Malta",342.5
"Netherlands",231.4
"Norway",73.6
"Poland",404.3
"Portugal",219.6
"Slovakia",194.9
"Slovenia",107
"Spain",45.1
"Sweden",87
"United Kingdom",33.2
