"drzava","prostovoljstvo"
"Belgium",11.8
"Bulgaria",2.3
"Czech Republic",3.5
"Denmark",2.3
"Germany",31.9
"Estonia",28.8
"Ireland",17.2
"Greece",15.7
"Spain",41.3
"France",14.2
"Italy",18.7
"Cyprus",67.4
"Latvia",31.1
"Lithuania",11.7
"Luxembourg",30.8
"Hungary",8.6
"Malta",10.5
"Netherlands",54
"Austria",29.3
"Poland",51.7
"Portugal",28.4
"Slovenia",75.4
"Slovakia",28.3
"Finland",34.7
"Sweden",34.8
"Iceland",74.6
"Norway",65.8
